<Objs Version="1.1.0.1" xmlns="http://schemas.microsoft.com/powershell/2004/04">
  <Obj RefId="0">
    <TN RefId="0">
      <T>Microsoft.PowerShell.Commands.PSRepositoryItemInfo</T>
      <T>System.Management.Automation.PSCustomObject</T>
      <T>System.Object</T>
    </TN>
    <MS>
      <S N="Name">Mdbc</S>
      <S N="Version">6.7.3</S>
      <S N="Type">Module</S>
      <S N="Description">Mdbc module - MongoDB Cmdlets for PowerShell</S>
      <S N="Author">Roman Kuzmin</S>
      <S N="CompanyName">nightroman</S>
      <S N="Copyright">Copyright (c) Roman Kuzmin</S>
      <DT N="PublishedDate">2024-08-27T12:44:42+02:00</DT>
      <Nil N="InstalledDate" />
      <Nil N="UpdatedDate" />
      <URI N="LicenseUri">http://www.apache.org/licenses/LICENSE-2.0</URI>
      <URI N="ProjectUri">https://github.com/nightroman/Mdbc</URI>
      <Nil N="IconUri" />
      <Obj N="Tags" RefId="1">
        <TN RefId="1">
          <T>System.Object[]</T>
          <T>System.Array</T>
          <T>System.Object</T>
        </TN>
        <LST>
          <S>Mongo</S>
          <S>MongoDB</S>
          <S>Database</S>
          <S>PSModule</S>
        </LST>
      </Obj>
      <Obj N="Includes" RefId="2">
        <TN RefId="2">
          <T>System.Collections.Hashtable</T>
          <T>System.Object</T>
        </TN>
        <DCT>
          <En>
            <S N="Key">DscResource</S>
            <Obj N="Value" RefId="3">
              <TNRef RefId="1" />
              <LST />
            </Obj>
          </En>
          <En>
            <S N="Key">Cmdlet</S>
            <Obj N="Value" RefId="4">
              <TNRef RefId="1" />
              <LST>
                <S>Add-MdbcCollection</S>
                <S>Add-MdbcData</S>
                <S>Connect-Mdbc</S>
                <S>Export-MdbcData</S>
                <S>Get-MdbcCollection</S>
                <S>Get-MdbcData</S>
                <S>Get-MdbcDatabase</S>
                <S>Import-MdbcData</S>
                <S>Invoke-MdbcAggregate</S>
                <S>Invoke-MdbcCommand</S>
                <S>New-MdbcData</S>
                <S>Register-MdbcClassMap</S>
                <S>Remove-MdbcCollection</S>
                <S>Remove-MdbcData</S>
                <S>Remove-MdbcDatabase</S>
                <S>Rename-MdbcCollection</S>
                <S>Set-MdbcData</S>
                <S>Update-MdbcData</S>
                <S>Use-MdbcTransaction</S>
                <S>Watch-MdbcChange</S>
              </LST>
            </Obj>
          </En>
          <En>
            <S N="Key">Workflow</S>
            <Ref N="Value" RefId="3" />
          </En>
          <En>
            <S N="Key">Function</S>
            <Ref N="Value" RefId="3" />
          </En>
          <En>
            <S N="Key">RoleCapability</S>
            <Ref N="Value" RefId="3" />
          </En>
          <En>
            <S N="Key">Command</S>
            <Obj N="Value" RefId="5">
              <TNRef RefId="1" />
              <LST>
                <S>Add-MdbcCollection</S>
                <S>Add-MdbcData</S>
                <S>Connect-Mdbc</S>
                <S>Export-MdbcData</S>
                <S>Get-MdbcCollection</S>
                <S>Get-MdbcData</S>
                <S>Get-MdbcDatabase</S>
                <S>Import-MdbcData</S>
                <S>Invoke-MdbcAggregate</S>
                <S>Invoke-MdbcCommand</S>
                <S>New-MdbcData</S>
                <S>Register-MdbcClassMap</S>
                <S>Remove-MdbcCollection</S>
                <S>Remove-MdbcData</S>
                <S>Remove-MdbcDatabase</S>
                <S>Rename-MdbcCollection</S>
                <S>Set-MdbcData</S>
                <S>Update-MdbcData</S>
                <S>Use-MdbcTransaction</S>
                <S>Watch-MdbcChange</S>
              </LST>
            </Obj>
          </En>
        </DCT>
      </Obj>
      <Nil N="PowerShellGetFormatVersion" />
      <S N="ReleaseNotes">https://github.com/nightroman/Mdbc/blob/main/Release-Notes.md</S>
      <Obj N="Dependencies" RefId="6">
        <TNRef RefId="1" />
        <LST />
      </Obj>
      <S N="RepositorySourceLocation">https://www.powershellgallery.com/api/v2</S>
      <S N="Repository">PSGallery</S>
      <S N="PackageManagementProvider">NuGet</S>
      <Obj N="AdditionalMetadata" RefId="7">
        <TN RefId="3">
          <T>System.Management.Automation.PSCustomObject</T>
          <T>System.Object</T>
        </TN>
        <MS>
          <S N="copyright">Copyright (c) Roman Kuzmin</S>
          <S N="description">Mdbc module - MongoDB Cmdlets for PowerShell</S>
          <S N="requireLicenseAcceptance">False</S>
          <S N="releaseNotes">https://github.com/nightroman/Mdbc/blob/main/Release-Notes.md</S>
          <S N="isLatestVersion">True</S>
          <S N="isAbsoluteLatestVersion">True</S>
          <S N="versionDownloadCount">8858</S>
          <S N="downloadCount">1149409</S>
          <S N="packageSize">2778416</S>
          <S N="published">27-8-2024 12:44:42 +02:00</S>
          <S N="created">27-8-2024 12:44:42 +02:00</S>
          <S N="lastUpdated">24-9-2024 10:50:00 +02:00</S>
          <S N="tags">Mongo MongoDB Database PSModule PSCmdlet_Add-MdbcCollection PSCommand_Add-MdbcCollection PSCmdlet_Add-MdbcData PSCommand_Add-MdbcData PSCmdlet_Connect-Mdbc PSCommand_Connect-Mdbc PSCmdlet_Export-MdbcData PSCommand_Export-MdbcData PSCmdlet_Get-MdbcCollection PSCommand_Get-MdbcCollection PSCmdlet_Get-MdbcData PSCommand_Get-MdbcData PSCmdlet_Get-MdbcDatabase PSCommand_Get-MdbcDatabase PSCmdlet_Import-MdbcData PSCommand_Import-MdbcData PSCmdlet_Invoke-MdbcAggregate PSCommand_Invoke-MdbcAggregate PSCmdlet_Invoke-MdbcCommand PSCommand_Invoke-MdbcCommand PSCmdlet_New-MdbcData PSCommand_New-MdbcData PSCmdlet_Register-MdbcClassMap PSCommand_Register-MdbcClassMap PSCmdlet_Remove-MdbcCollection PSCommand_Remove-MdbcCollection PSCmdlet_Remove-MdbcData PSCommand_Remove-MdbcData PSCmdlet_Remove-MdbcDatabase PSCommand_Remove-MdbcDatabase PSCmdlet_Rename-MdbcCollection PSCommand_Rename-MdbcCollection PSCmdlet_Set-MdbcData PSCommand_Set-MdbcData PSCmdlet_Update-MdbcData PSCommand_Update-MdbcData PSCmdlet_Use-MdbcTransaction PSCommand_Use-MdbcTransaction PSCmdlet_Watch-MdbcChange PSCommand_Watch-MdbcChange PSIncludes_Cmdlet</S>
          <S N="developmentDependency">False</S>
          <S N="updated">2024-09-24T10:50:00Z</S>
          <S N="NormalizedVersion">6.7.3</S>
          <S N="Authors">Roman Kuzmin</S>
          <S N="IsPrerelease">false</S>
          <S N="ItemType">Module</S>
          <S N="FileList">Mdbc.nuspec|Snappier.dll|System.Buffers.dll|System.Memory.dll|System.Numerics.Vectors.dll|System.Runtime.CompilerServices.Unsafe.dll|System.Security.AccessControl.dll|System.Security.Principal.Windows.dll|System.Text.Encoding.CodePages.dll|System.Threading.Tasks.Extensions.dll|ZstdSharp.dll|en-US\about_Mdbc.help.txt|en-US\Mdbc-Help.xml|AWSSDK.Core.dll|DnsClient.dll|Mdbc.dll|Mdbc.psd1|Microsoft.Extensions.Logging.Abstractions.dll|MongoDB.Bson.dll|MongoDB.Driver.dll|README.htm|AWSSDK.SecurityToken.dll|LICENSE|Microsoft.Bcl.AsyncInterfaces.dll|Microsoft.Win32.Registry.dll|MongoDB.Driver.Core.dll|MongoDB.Libmongocrypt.dll|SharpCompress.dll</S>
          <S N="GUID">12c81cd8-bde3-4c91-a292-e6c4f868106a</S>
          <S N="PowerShellVersion">5.1</S>
          <S N="CompanyName">https://github.com/nightroman</S>
        </MS>
      </Obj>
      <S N="InstalledLocation">C:\Users\evang\Documents\Projects\Mdbc\6.7.3</S>
    </MS>
  </Obj>
</Objs>
