<Objs Version="1.1.0.1" xmlns="http://schemas.microsoft.com/powershell/2004/04">
  <Obj RefId="0">
    <TN RefId="0">
      <T>Microsoft.PowerShell.Commands.PSRepositoryItemInfo</T>
      <T>System.Management.Automation.PSCustomObject</T>
      <T>System.Object</T>
    </TN>
    <MS>
      <S N="Name">SharePointOnline.CSOM</S>
      <S N="Version">1.0.10</S>
      <S N="Type">Module</S>
      <S N="Description">This module allows the usage oft the SharePoint Online Client Side Object Model (CSOM) libraries at Azure Runbooks.This module uses the libraries from the NuGet package "Microsoft.SharePointOnline.CSOM.16.1.25012.12000".</S>
      <S N="Author">S. Battenberg</S>
      <S N="CompanyName">sBattenberg</S>
      <S N="Copyright">(c) 2024 S. Battenberg. All rights reserved.</S>
      <DT N="PublishedDate">2024-07-25T19:34:24+02:00</DT>
      <Nil N="InstalledDate" />
      <Nil N="UpdatedDate" />
      <URI N="LicenseUri">https://github.com/sbattenberg/SharePointOnline.CSOM/blob/main/LICENSE</URI>
      <URI N="ProjectUri">https://github.com/sbattenberg/SharePointOnline.CSOM</URI>
      <Nil N="IconUri" />
      <Obj N="Tags" RefId="1">
        <TN RefId="1">
          <T>System.Object[]</T>
          <T>System.Array</T>
          <T>System.Object</T>
        </TN>
        <LST>
          <S>SharePointOnline</S>
          <S>CSOM</S>
          <S>PowerShell</S>
          <S>PSModule</S>
        </LST>
      </Obj>
      <Obj N="Includes" RefId="2">
        <TN RefId="2">
          <T>System.Collections.Hashtable</T>
          <T>System.Object</T>
        </TN>
        <DCT>
          <En>
            <S N="Key">Command</S>
            <Obj N="Value" RefId="3">
              <TNRef RefId="1" />
              <LST>
                <S>Load-SPOnlineCSOMAssemblies</S>
                <S>Load-SPOnlineCSOMAssembly</S>
              </LST>
            </Obj>
          </En>
          <En>
            <S N="Key">Function</S>
            <Obj N="Value" RefId="4">
              <TNRef RefId="1" />
              <LST>
                <S>Load-SPOnlineCSOMAssemblies</S>
                <S>Load-SPOnlineCSOMAssembly</S>
              </LST>
            </Obj>
          </En>
          <En>
            <S N="Key">Cmdlet</S>
            <Obj N="Value" RefId="5">
              <TNRef RefId="1" />
              <LST />
            </Obj>
          </En>
          <En>
            <S N="Key">Workflow</S>
            <Ref N="Value" RefId="5" />
          </En>
          <En>
            <S N="Key">RoleCapability</S>
            <Ref N="Value" RefId="5" />
          </En>
          <En>
            <S N="Key">DscResource</S>
            <Ref N="Value" RefId="5" />
          </En>
        </DCT>
      </Obj>
      <Nil N="PowerShellGetFormatVersion" />
      <Nil N="ReleaseNotes" />
      <Obj N="Dependencies" RefId="6">
        <TNRef RefId="1" />
        <LST />
      </Obj>
      <S N="RepositorySourceLocation">https://www.powershellgallery.com/api/v2</S>
      <S N="Repository">PSGallery</S>
      <S N="PackageManagementProvider">NuGet</S>
      <Obj N="AdditionalMetadata" RefId="7">
        <TN RefId="3">
          <T>System.Management.Automation.PSCustomObject</T>
          <T>System.Object</T>
        </TN>
        <MS>
          <S N="copyright">(c) 2024 S. Battenberg. All rights reserved.</S>
          <S N="description">This module allows the usage oft the SharePoint Online Client Side Object Model (CSOM) libraries at Azure Runbooks.This module uses the libraries from the NuGet package "Microsoft.SharePointOnline.CSOM.16.1.25012.12000".</S>
          <S N="requireLicenseAcceptance">True</S>
          <S N="isLatestVersion">True</S>
          <S N="isAbsoluteLatestVersion">True</S>
          <S N="versionDownloadCount">6411</S>
          <S N="downloadCount">32867</S>
          <S N="packageSize">1225623</S>
          <S N="published">25-7-2024 19:34:24 +02:00</S>
          <S N="created">25-7-2024 19:34:24 +02:00</S>
          <S N="lastUpdated">29-11-2024 11:50:00 +01:00</S>
          <S N="tags">SharePointOnline CSOM PowerShell PSModule PSFunction_Load-SPOnlineCSOMAssemblies PSCommand_Load-SPOnlineCSOMAssemblies PSFunction_Load-SPOnlineCSOMAssembly PSCommand_Load-SPOnlineCSOMAssembly PSIncludes_Function</S>
          <S N="developmentDependency">False</S>
          <S N="updated">2024-11-29T11:50:00Z</S>
          <S N="NormalizedVersion">1.0.10</S>
          <S N="Authors">S. Battenberg</S>
          <S N="IsPrerelease">false</S>
          <S N="ItemType">Module</S>
          <S N="FileList">SharePointOnline.CSOM.nuspec|Microsoft.Office.Client.Policy.dll|Microsoft.Online.SharePoint.Client.Tenant.dll|Microsoft.SharePoint.Client.DocumentManagement.dll|Microsoft.SharePoint.Client.Runtime.dll|Microsoft.SharePoint.Client.Search.dll|Microsoft.SharePoint.Client.UserProfiles.dll|README.md|SharePointOnline.CSOM.psd1|Microsoft.Office.Client.TranslationServices.dll|Microsoft.ProjectServer.Client.dll|Microsoft.SharePoint.Client.Publishing.dll|Microsoft.SharePoint.Client.Search.Applications.dll|Microsoft.SharePoint.Client.Taxonomy.dll|Microsoft.SharePoint.Client.WorkflowServices.dll|SharePointOnline.CSOM.psm1|Microsoft.Office.SharePoint.Tools.dll|Microsoft.SharePoint.Client.dll</S>
          <S N="GUID">56414553-a3be-496f-b78b-b384ddc9f984</S>
        </MS>
      </Obj>
      <S N="InstalledLocation">C:\Users\evang\csom\SharePointOnline.CSOM\1.0.10</S>
    </MS>
  </Obj>
</Objs>
